symbol,n_rows,positive_rate,start_date,end_date
A,1951,0.052793439261916965,2017-12-29,2025-10-03
AAPL,1951,0.10097385955920041,2017-12-29,2025-10-03
ABBV,1951,0.04818042029728344,2017-12-29,2025-10-03
ABNB,707,0.1371994342291372,2022-12-08,2025-10-03
ABT,1951,0.028703229113275244,2017-12-29,2025-10-03
ABX.TO,1946,0.11356628982528263,2018-01-03,2025-10-02
ACGL,1951,0.03844182470527934,2017-12-29,2025-10-03
ACN,1951,0.0912352639671963,2017-12-29,2025-10-03
ADBE,1951,0.13223987698616094,2017-12-29,2025-10-03
ADI,1951,0.0645822655048693,2017-12-29,2025-10-03
ADM,1951,0.07995899538698104,2017-12-29,2025-10-03
ADP,1951,0.033828805740645826,2017-12-29,2025-10-03
ADSK,1951,0.1071245515120451,2017-12-29,2025-10-03
AEE,1951,0.030240902101486417,2017-12-29,2025-10-03
AEM.TO,1946,0.13823227132579652,2018-01-03,2025-10-02
AEP,1951,0.037929267042542285,2017-12-29,2025-10-03
AES,1951,0.16401845207585852,2017-12-29,2025-10-03
AFL,1951,0.033828805740645826,2017-12-29,2025-10-03
AIG,1951,0.10558687852383393,2017-12-29,2025-10-03
AIZ,1951,0.0645822655048693,2017-12-29,2025-10-03
AJG,1951,0.03690415171706817,2017-12-29,2025-10-03
AKAM,1951,0.06817016914402871,2017-12-29,2025-10-03
ALB,1951,0.3305996924654024,2017-12-29,2025-10-03
ALGN,1951,0.33213736545361355,2017-12-29,2025-10-03
ALL,1951,0.0548436699128652,2017-12-29,2025-10-03
ALLE,1951,0.03177857508969759,2017-12-29,2025-10-03
AMAT,1951,0.17631983598154793,2017-12-29,2025-10-03
AMCR,1951,0.03229113275243465,2017-12-29,2025-10-03
AMD,1951,0.24807790876473604,2017-12-29,2025-10-03
AME,1951,0.036391594054331115,2017-12-29,2025-10-03
AMGN,1951,0.016914402870322913,2017-12-29,2025-10-03
AMP,1951,0.09431060994361866,2017-12-29,2025-10-03
AMT,1951,0.06765761148129165,2017-12-29,2025-10-03
AMZN,1951,0.12660174269605332,2017-12-29,2025-10-03
ANET,1951,0.1717068170169144,2017-12-29,2025-10-03
AON,1951,0.043054843669912864,2017-12-29,2025-10-03
AOS,1951,0.10199897488467452,2017-12-29,2025-10-03
APA,1951,0.3305996924654024,2017-12-29,2025-10-03
APD,1951,0.07329574577139929,2017-12-29,2025-10-03
APH,1951,0.03177857508969759,2017-12-29,2025-10-03
APO,1951,0.1727319323423885,2017-12-29,2025-10-03
APP,622,0.15434083601286175,2023-04-13,2025-10-03
APTV,1951,0.2526909277293696,2017-12-29,2025-10-03
ARE,1951,0.15376729882111737,2017-12-29,2025-10-03
ARES,1951,0.13634033828805742,2017-12-29,2025-10-03
ATD.TO,1946,0.029804727646454265,2018-01-03,2025-10-02
ATO,1951,0.0292157867760123,2017-12-29,2025-10-03
AVB,1951,0.06150691952844695,2017-12-29,2025-10-03
AVGO,1951,0.09943618657098924,2017-12-29,2025-10-03
AVY,1951,0.06355715017939519,2017-12-29,2025-10-03
AWK,1951,0.04459251665812404,2017-12-29,2025-10-03
AXON,1951,0.1998974884674526,2017-12-29,2025-10-03
AXP,1951,0.0743208610968734,2017-12-29,2025-10-03
AZO,1951,0.04613018964633521,2017-12-29,2025-10-03
BA,1951,0.1804202972834444,2017-12-29,2025-10-03
BAC,1951,0.10917478216299334,2017-12-29,2025-10-03
BALL,1951,0.10814966683751923,2017-12-29,2025-10-03
BAM.TO,210,0.17142857142857143,2024-12-02,2025-10-02
BAX,1951,0.15991799077396207,2017-12-29,2025-10-03
BBY,1951,0.1435161455663762,2017-12-29,2025-10-03
BCE.TO,1946,0.047790339157245634,2018-01-03,2025-10-02
BDX,1951,0.04971809328549462,2017-12-29,2025-10-03
BEN,1951,0.10199897488467452,2017-12-29,2025-10-03
BF-B,1951,0.11019989748846745,2017-12-29,2025-10-03
BG,1951,0.08662224500256278,2017-12-29,2025-10-03
BIIB,1951,0.14659149154279857,2017-12-29,2025-10-03
BK,1951,0.06509482316760636,2017-12-29,2025-10-03
BKNG,1951,0.08303434136340339,2017-12-29,2025-10-03
BKR,1951,0.17631983598154793,2017-12-29,2025-10-03
BLDR,1951,0.24090210148641722,2017-12-29,2025-10-03
BLK,1951,0.09892362890825218,2017-12-29,2025-10-03
BMO.TO,1946,0.0328879753340185,2018-01-03,2025-10-02
BMY,1951,0.08610968733982573,2017-12-29,2025-10-03
BN.TO,1946,0.06937307297019528,2018-01-03,2025-10-02
BNS.TO,1946,0.03391572456320658,2018-01-03,2025-10-02
BR,1951,0.07534597642234751,2017-12-29,2025-10-03
BRK-B,1951,0.04254228600717581,2017-12-29,2025-10-03
BRO,1951,0.04254228600717581,2017-12-29,2025-10-03
BSX,1951,0.0451050743208611,2017-12-29,2025-10-03
BX,1951,0.13736545361353153,2017-12-29,2025-10-03
BXP,1951,0.1291645310097386,2017-12-29,2025-10-03
C,1951,0.12198872373141978,2017-12-29,2025-10-03
CAE.TO,1946,0.09095580678314491,2018-01-03,2025-10-02
CAG,1951,0.07329574577139929,2017-12-29,2025-10-03
CAH,1951,0.06304459251665813,2017-12-29,2025-10-03
CARR,892,0.07511210762331838,2022-03-16,2025-10-03
CAT,1951,0.08508457201435161,2017-12-29,2025-10-03
CB,1951,0.032803690415171706,2017-12-29,2025-10-03
CBOE,1951,0.036391594054331115,2017-12-29,2025-10-03
CBRE,1951,0.1071245515120451,2017-12-29,2025-10-03
CCI,1951,0.07073295745771399,2017-12-29,2025-10-03
CCL,1951,0.3434136340338288,2017-12-29,2025-10-03
CCO.TO,1946,0.1695786228160329,2018-01-03,2025-10-02
CDNS,1951,0.10404920553562276,2017-12-29,2025-10-03
CDW,1951,0.07688364941055868,2017-12-29,2025-10-03
CEG,429,0.20512820512820512,2024-01-19,2025-10-03
CF,1951,0.12813941568426448,2017-12-29,2025-10-03
CFG,1951,0.15069195284469503,2017-12-29,2025-10-03
CHD,1951,0.022039979497693492,2017-12-29,2025-10-03
CHRW,1951,0.03434136340338288,2017-12-29,2025-10-03
CHTR,1332,0.23198198198198197,2020-06-17,2025-10-03
CI,1951,0.0902101486417222,2017-12-29,2025-10-03
CIEN,1951,0.14300358790363915,2017-12-29,2025-10-03
CINF,1951,0.07073295745771399,2017-12-29,2025-10-03
CL,1951,0.007688364941055869,2017-12-29,2025-10-03
CLS.TO,1946,0.16289825282631037,2018-01-03,2025-10-02
CLX,1951,0.04971809328549462,2017-12-29,2025-10-03
CM.TO,1946,0.03340184994861254,2018-01-03,2025-10-02
CMCSA,1332,0.06981981981981981,2020-06-17,2025-10-03
CME,1951,0.0451050743208611,2017-12-29,2025-10-03
CMG,1951,0.16094310609943618,2017-12-29,2025-10-03
CMI,1951,0.05945668887749872,2017-12-29,2025-10-03
CMS,1951,0.04715530497180933,2017-12-29,2025-10-03
CNC,1951,0.15017939518195797,2017-12-29,2025-10-03
CNP,1951,0.044079958995386984,2017-12-29,2025-10-03
CNQ.TO,1946,0.09558067831449127,2018-01-03,2025-10-02
CNR.TO,1946,0.015416238437821172,2018-01-03,2025-10-02
COF,1951,0.1255766273705792,2017-12-29,2025-10-03
COHR,1951,0.35776524859046643,2017-12-29,2025-10-03
COIN,623,0.41412520064205455,2023-04-12,2025-10-03
COO,1951,0.09789851358277807,2017-12-29,2025-10-03
COP,1951,0.09431060994361866,2017-12-29,2025-10-03
COR,1951,0.025115325474115838,2017-12-29,2025-10-03
COST,1951,0.025115325474115838,2017-12-29,2025-10-03
CP.TO,1946,0.029290853031860225,2018-01-03,2025-10-02
CPAY,1951,0.10866222450025628,2017-12-29,2025-10-03
CPB,1951,0.02972834443874936,2017-12-29,2025-10-03
CPRT,1951,0.0902101486417222,2017-12-29,2025-10-03
CPT,1951,0.0645822655048693,2017-12-29,2025-10-03
CRH,1951,0.08457201435161456,2017-12-29,2025-10-03
CRL,1951,0.18605843157355204,2017-12-29,2025-10-03
CRM,1951,0.16401845207585852,2017-12-29,2025-10-03
CRWD,1086,0.27900552486187846,2021-06-09,2025-10-03
CSCO,1951,0.04971809328549462,2017-12-29,2025-10-03
CSGP,1951,0.11122501281394157,2017-12-29,2025-10-03
CSU.TO,1946,0.039568345323741004,2018-01-03,2025-10-02
CSX,1951,0.04818042029728344,2017-12-29,2025-10-03
CTAS,1951,0.05228088159917991,2017-12-29,2025-10-03
CTRA,1951,0.08047155304971809,2017-12-29,2025-10-03
CTSH,1951,0.10097385955920041,2017-12-29,2025-10-03
CTVA,1098,0.0,2021-05-21,2025-10-03
CVE.TO,1946,0.18653648509763618,2018-01-03,2025-10-02
CVNA,1619,0.40395305744286597,2019-04-29,2025-10-03
CVS,1951,0.14095335725269093,2017-12-29,2025-10-03
CVX,1951,0.058944131214761664,2017-12-29,2025-10-03
D,1951,0.05996924654023578,2017-12-29,2025-10-03
DAL,1951,0.20809841107124552,2017-12-29,2025-10-03
DASH,708,0.09180790960451977,2022-12-07,2025-10-03
DD,1951,0.13685289595079447,2017-12-29,2025-10-03
DDOG,1017,0.3028515240904621,2021-09-16,2025-10-03
DE,1951,0.05740645822655049,2017-12-29,2025-10-03
DECK,1951,0.17837006663249616,2017-12-29,2025-10-03
DELL,1794,0.2157190635451505,2018-08-15,2025-10-03
DG,1951,0.1071245515120451,2017-12-29,2025-10-03
DGX,1951,0.04920553562275756,2017-12-29,2025-10-03
DHI,1951,0.1353152229625833,2017-12-29,2025-10-03
DHR,1951,0.037929267042542285,2017-12-29,2025-10-03
DIS,1332,0.12012012012012012,2020-06-17,2025-10-03
DLR,1951,0.05945668887749872,2017-12-29,2025-10-03
DLTR,1951,0.16606868272680678,2017-12-29,2025-10-03
DOC,1951,0.10814966683751923,2017-12-29,2025-10-03
DOL.TO,1946,0.0565262076053443,2018-01-03,2025-10-02
DOV,1951,0.07739620707329574,2017-12-29,2025-10-03
DOW,1144,0.17395104895104896,2021-03-17,2025-10-03
DPZ,1951,0.0937980522808816,2017-12-29,2025-10-03
DRI,1951,0.04818042029728344,2017-12-29,2025-10-03
DTE,1951,0.0486929779600205,2017-12-29,2025-10-03
DUK,1951,0.0451050743208611,2017-12-29,2025-10-03
DVA,1951,0.16504356740133266,2017-12-29,2025-10-03
DVN,1951,0.26140440799589953,2017-12-29,2025-10-03
DXCM,1951,0.2573039466940031,2017-12-29,2025-10-03
EA,1332,0.033783783783783786,2020-06-17,2025-10-03
EBAY,1951,0.10763710917478217,2017-12-29,2025-10-03
ECL,1951,0.06970784213223988,2017-12-29,2025-10-03
ED,1951,0.03690415171706817,2017-12-29,2025-10-03
EFX,1951,0.14095335725269093,2017-12-29,2025-10-03
EG,1951,0.03229113275243465,2017-12-29,2025-10-03
EIX,1951,0.09943618657098924,2017-12-29,2025-10-03
EL,1951,0.25884161968221425,2017-12-29,2025-10-03
ELV,1951,0.11737570476678626,2017-12-29,2025-10-03
EMA.TO,1946,0.03237410071942446,2018-01-03,2025-10-02
EME,1951,0.0814966683751922,2017-12-29,2025-10-03
EMR,1951,0.06970784213223988,2017-12-29,2025-10-03
ENB.TO,1946,0.03905447070914697,2018-01-03,2025-10-02
EOG,1951,0.1583803177857509,2017-12-29,2025-10-03
EPAM,1951,0.2142491030240902,2017-12-29,2025-10-03
EQIX,1951,0.050230650948231675,2017-12-29,2025-10-03
EQR,1951,0.05689390056381343,2017-12-29,2025-10-03
EQT,1951,0.2639671963095848,2017-12-29,2025-10-03
ERIE,1951,0.058944131214761664,2017-12-29,2025-10-03
ES,1951,0.05586878523833931,2017-12-29,2025-10-03
ESS,1951,0.06560738083034341,2017-12-29,2025-10-03
ETN,1951,0.06355715017939519,2017-12-29,2025-10-03
ETR,1951,0.03485392106611994,2017-12-29,2025-10-03
EVRG,1951,0.051255766273705795,2017-12-29,2025-10-03
EW,1951,0.1230138390568939,2017-12-29,2025-10-03
EXC,1951,0.044079958995386984,2017-12-29,2025-10-03
EXE,666,0.04354354354354354,2023-02-08,2025-10-03
EXPD,1951,0.043054843669912864,2017-12-29,2025-10-03
EXPE,1951,0.16914402870322912,2017-12-29,2025-10-03
EXR,1951,0.07022039979497693,2017-12-29,2025-10-03
F,1951,0.16043054843669913,2017-12-29,2025-10-03
FANG,1951,0.1901588928754485,2017-12-29,2025-10-03
FAST,1951,0.036391594054331115,2017-12-29,2025-10-03
FCX,1951,0.28088159917990774,2017-12-29,2025-10-03
FDS,1951,0.06663249615581752,2017-12-29,2025-10-03
FDX,1951,0.15479241414659148,2017-12-29,2025-10-03
FE,1951,0.07022039979497693,2017-12-29,2025-10-03
FFH.TO,1946,0.03905447070914697,2018-01-03,2025-10-02
FFIV,1951,0.10456176319835982,2017-12-29,2025-10-03
FICO,1951,0.1424910302409021,2017-12-29,2025-10-03
FIS,1951,0.13634033828805742,2017-12-29,2025-10-03
FISV,1950,0.1,2017-12-29,2025-10-02
FITB,1951,0.1096873398257304,2017-12-29,2025-10-03
FIX,1951,0.12250128139415685,2017-12-29,2025-10-03
FM.TO,1946,0.32014388489208634,2018-01-03,2025-10-02
FNV.TO,1946,0.040082219938335044,2018-01-03,2025-10-02
FOX,1149,0.0278503046127067,2021-03-10,2025-10-03
FOXA,1150,0.036521739130434785,2021-03-09,2025-10-03
FRT,1951,0.06201947719118401,2017-12-29,2025-10-03
FSLR,1951,0.265504869297796,2017-12-29,2025-10-03
FSV.TO,1946,0.07862281603288798,2018-01-03,2025-10-02
FTNT,1951,0.15376729882111737,2017-12-29,2025-10-03
FTS.TO,1946,0.02723535457348407,2018-01-03,2025-10-02
FTV,1825,0.08493150684931507,2018-07-02,2025-10-03
GD,1951,0.043054843669912864,2017-12-29,2025-10-03
GDDY,1951,0.11378780112762686,2017-12-29,2025-10-03
GE,1951,0.15274218349564325,2017-12-29,2025-10-03
GEHC,200,0.295,2024-12-16,2025-10-03
GEN,1951,0.09943618657098924,2017-12-29,2025-10-03
GIL.TO,1946,0.11459403905447071,2018-01-03,2025-10-02
GILD,1951,0.012813941568426449,2017-12-29,2025-10-03
GIS,1951,0.022039979497693492,2017-12-29,2025-10-03
GL,1951,0.0645822655048693,2017-12-29,2025-10-03
GLW,1951,0.06663249615581752,2017-12-29,2025-10-03
GM,1951,0.13941568426447976,2017-12-29,2025-10-03
GNRC,1951,0.25166581240389546,2017-12-29,2025-10-03
GOOG,1332,0.07057057057057058,2020-06-17,2025-10-03
GOOGL,1332,0.07057057057057058,2020-06-17,2025-10-03
GPC,1951,0.04356740133264992,2017-12-29,2025-10-03
GPN,1951,0.16453100973859558,2017-12-29,2025-10-03
GRMN,1951,0.08303434136340339,2017-12-29,2025-10-03
GS,1951,0.08252178370066633,2017-12-29,2025-10-03
GWW,1951,0.05740645822655049,2017-12-29,2025-10-03
H.TO,1946,0.01644398766700925,2018-01-03,2025-10-02
HAL,1951,0.2870322911327524,2017-12-29,2025-10-03
HAS,1951,0.14300358790363915,2017-12-29,2025-10-03
HBAN,1951,0.12455151204510508,2017-12-29,2025-10-03
HCA,1951,0.08662224500256278,2017-12-29,2025-10-03
HD,1951,0.05945668887749872,2017-12-29,2025-10-03
HIG,1951,0.037929267042542285,2017-12-29,2025-10-03
HII,1951,0.11532547411583803,2017-12-29,2025-10-03
HLT,1951,0.07483341875961046,2017-12-29,2025-10-03
HOLX,1951,0.04613018964633521,2017-12-29,2025-10-03
HON,1951,0.03690415171706817,2017-12-29,2025-10-03
HOOD,549,0.2331511839708561,2023-07-28,2025-10-03
HPE,1951,0.1096873398257304,2017-12-29,2025-10-03
HPQ,1951,0.132752434648898,2017-12-29,2025-10-03
HRL,1951,0.028703229113275244,2017-12-29,2025-10-03
HSIC,1951,0.041517170681701694,2017-12-29,2025-10-03
HST,1951,0.0902101486417222,2017-12-29,2025-10-03
HSY,1951,0.03485392106611994,2017-12-29,2025-10-03
HUBB,1951,0.09328549461814455,2017-12-29,2025-10-03
HUM,1951,0.1399282419272168,2017-12-29,2025-10-03
HWM,1741,0.05686387133831131,2018-10-30,2025-10-03
IBKR,1951,0.10199897488467452,2017-12-29,2025-10-03
IBM,1951,0.05433111225012814,2017-12-29,2025-10-03
ICE,1951,0.06201947719118401,2017-12-29,2025-10-03
IDXX,1951,0.13582778062532036,2017-12-29,2025-10-03
IEX,1951,0.0548436699128652,2017-12-29,2025-10-03
IFC.TO,1946,0.02826310380267215,2018-01-03,2025-10-02
IFF,1951,0.15427985648385442,2017-12-29,2025-10-03
IMO.TO,1946,0.09301130524152107,2018-01-03,2025-10-02
INCY,1951,0.07995899538698104,2017-12-29,2025-10-03
INTC,1951,0.1875961045617632,2017-12-29,2025-10-03
INTU,1951,0.08713480266529984,2017-12-29,2025-10-03
INVH,1679,0.05122096486003574,2019-01-31,2025-10-03
IP,1951,0.12711430035879037,2017-12-29,2025-10-03
IQV,1951,0.1071245515120451,2017-12-29,2025-10-03
IR,1609,0.11559975139838409,2019-05-13,2025-10-03
IRM,1951,0.06817016914402871,2017-12-29,2025-10-03
ISRG,1951,0.12250128139415685,2017-12-29,2025-10-03
IT,1951,0.13223987698616094,2017-12-29,2025-10-03
ITW,1951,0.03229113275243465,2017-12-29,2025-10-03
IVZ,1951,0.20143516145566376,2017-12-29,2025-10-03
J,1951,0.0645822655048693,2017-12-29,2025-10-03
JBHT,1951,0.09636084059456688,2017-12-29,2025-10-03
JBL,1951,0.08867247565351102,2017-12-29,2025-10-03
JCI,1951,0.08918503331624808,2017-12-29,2025-10-03
JKHY,1951,0.03587903639159405,2017-12-29,2025-10-03
JNJ,1951,0.025115325474115838,2017-12-29,2025-10-03
JPM,1951,0.055356227575602254,2017-12-29,2025-10-03
K.TO,1946,0.15313463514902365,2018-01-03,2025-10-02
KDP,1951,0.05074320861096873,2017-12-29,2025-10-03
KEY,1951,0.1727319323423885,2017-12-29,2025-10-03
KEYS,1951,0.10507432086109687,2017-12-29,2025-10-03
KHC,1951,0.10251153254741159,2017-12-29,2025-10-03
KIM,1951,0.07585853408508457,2017-12-29,2025-10-03
KKR,1951,0.15017939518195797,2017-12-29,2025-10-03
KLAC,1951,0.11583803177857509,2017-12-29,2025-10-03
KMB,1951,0.030240902101486417,2017-12-29,2025-10-03
KMI,1951,0.044079958995386984,2017-12-29,2025-10-03
KO,1951,0.0292157867760123,2017-12-29,2025-10-03
KR,1951,0.012813941568426449,2017-12-29,2025-10-03
KVUE,105,0.5428571428571428,2025-05-06,2025-10-03
L,1951,0.03741670937980523,2017-12-29,2025-10-03
L.TO,1946,0.0,2018-01-03,2025-10-02
LDOS,1951,0.06919528446950282,2017-12-29,2025-10-03
LEN,1951,0.13736545361353153,2017-12-29,2025-10-03
LH,1951,0.07022039979497693,2017-12-29,2025-10-03
LHX,1951,0.052793439261916965,2017-12-29,2025-10-03
LII,1951,0.08457201435161456,2017-12-29,2025-10-03
LIN,1951,0.03485392106611994,2017-12-29,2025-10-03
LITE,1951,0.28805740645822653,2017-12-29,2025-10-03
LLY,1951,0.028703229113275244,2017-12-29,2025-10-03
LMT,1951,0.053818554587391085,2017-12-29,2025-10-03
LNT,1951,0.04818042029728344,2017-12-29,2025-10-03
LOW,1951,0.06304459251665813,2017-12-29,2025-10-03
LRCX,1951,0.17734495130702205,2017-12-29,2025-10-03
LULU,1951,0.2460276781137878,2017-12-29,2025-10-03
LUV,1951,0.20297283444387493,2017-12-29,2025-10-03
LVS,1951,0.1901588928754485,2017-12-29,2025-10-03
LYB,1951,0.1389031266017427,2017-12-29,2025-10-03
LYV,1332,0.10510510510510511,2020-06-17,2025-10-03
MA,1951,0.03741670937980523,2017-12-29,2025-10-03
MAA,1951,0.052793439261916965,2017-12-29,2025-10-03
MAR,1951,0.08354689902614044,2017-12-29,2025-10-03
MAS,1951,0.10661199384930804,2017-12-29,2025-10-03
MCD,1951,0.030240902101486417,2017-12-29,2025-10-03
MCHP,1951,0.19835981547924142,2017-12-29,2025-10-03
MCK,1951,0.02460276781137878,2017-12-29,2025-10-03
MCO,1951,0.08969759097898514,2017-12-29,2025-10-03
MDLZ,1951,0.02972834443874936,2017-12-29,2025-10-03
MDT,1951,0.04971809328549462,2017-12-29,2025-10-03
MET,1951,0.06765761148129165,2017-12-29,2025-10-03
META,1332,0.18768768768768768,2020-06-17,2025-10-03
MFC.TO,1946,0.03340184994861254,2018-01-03,2025-10-02
MG.TO,1946,0.10739979445015416,2018-01-03,2025-10-02
MGM,1951,0.15940543311122501,2017-12-29,2025-10-03
MKC,1951,0.06919528446950282,2017-12-29,2025-10-03
MLM,1951,0.06817016914402871,2017-12-29,2025-10-03
MMM,1951,0.07688364941055868,2017-12-29,2025-10-03
MNST,1951,0.044079958995386984,2017-12-29,2025-10-03
MO,1951,0.07329574577139929,2017-12-29,2025-10-03
MOS,1951,0.1963095848282932,2017-12-29,2025-10-03
MPC,1951,0.16094310609943618,2017-12-29,2025-10-03
MPWR,1951,0.21168631471040492,2017-12-29,2025-10-03
MRK,1951,0.033828805740645826,2017-12-29,2025-10-03
MRNA,1213,0.5432811211871393,2020-12-04,2025-10-03
MRSH,1951,0.030240902101486417,2017-12-29,2025-10-03
MRU.TO,1946,0.0,2018-01-03,2025-10-02
MS,1951,0.07329574577139929,2017-12-29,2025-10-03
MSCI,1951,0.09584828293182983,2017-12-29,2025-10-03
MSFT,1951,0.025627883136852898,2017-12-29,2025-10-03
MSI,1951,0.04561763198359815,2017-12-29,2025-10-03
MTB,1951,0.09277293695540749,2017-12-29,2025-10-03
MTD,1951,0.09431060994361866,2017-12-29,2025-10-03
MU,1951,0.2511532547411584,2017-12-29,2025-10-03
NCLH,1951,0.36801640184520756,2017-12-29,2025-10-03
NDAQ,1951,0.04254228600717581,2017-12-29,2025-10-03
NDSN,1951,0.07790876473603281,2017-12-29,2025-10-03
NEE,1951,0.07739620707329574,2017-12-29,2025-10-03
NEM,1951,0.1168631471040492,2017-12-29,2025-10-03
NFLX,1332,0.11861861861861862,2020-06-17,2025-10-03
NI,1951,0.040492055356227574,2017-12-29,2025-10-03
NKE,1951,0.15479241414659148,2017-12-29,2025-10-03
NOC,1951,0.035366478728856995,2017-12-29,2025-10-03
NOW,1951,0.13582778062532036,2017-12-29,2025-10-03
NRG,1951,0.10046130189646335,2017-12-29,2025-10-03
NSC,1951,0.05330599692465402,2017-12-29,2025-10-03
NTAP,1951,0.1476166068682727,2017-12-29,2025-10-03
NTR.TO,1445,0.10865051903114187,2020-01-02,2025-10-02
NTRS,1951,0.10609943618657099,2017-12-29,2025-10-03
NUE,1951,0.1435161455663762,2017-12-29,2025-10-03
NVDA,1951,0.21834956432598668,2017-12-29,2025-10-03
NVR,1951,0.0912352639671963,2017-12-29,2025-10-03
NWS,1332,0.05780780780780781,2020-06-17,2025-10-03
NWSA,1332,0.05780780780780781,2020-06-17,2025-10-03
NXPI,1951,0.16453100973859558,2017-12-29,2025-10-03
O,1951,0.052793439261916965,2017-12-29,2025-10-03
ODFL,1951,0.09636084059456688,2017-12-29,2025-10-03
OKE,1951,0.10507432086109687,2017-12-29,2025-10-03
OMC,1332,0.04804804804804805,2020-06-17,2025-10-03
ON,1951,0.23116350589441312,2017-12-29,2025-10-03
ORCL,1951,0.08457201435161456,2017-12-29,2025-10-03
ORLY,1951,0.03690415171706817,2017-12-29,2025-10-03
OTEX.TO,1946,0.09146968139773895,2018-01-03,2025-10-02
OTIS,892,0.006726457399103139,2022-03-16,2025-10-03
OXY,1951,0.17375704766786262,2017-12-29,2025-10-03
PANW,1951,0.11788826242952333,2017-12-29,2025-10-03
PAYX,1951,0.038954382368016405,2017-12-29,2025-10-03
PCAR,1951,0.05176832393644285,2017-12-29,2025-10-03
PCG,1951,0.24910302409021015,2017-12-29,2025-10-03
PEG,1951,0.037929267042542285,2017-12-29,2025-10-03
PEP,1951,0.02716555612506407,2017-12-29,2025-10-03
PFE,1951,0.056381342901076374,2017-12-29,2025-10-03
PFG,1951,0.07534597642234751,2017-12-29,2025-10-03
PG,1951,0.019477191184008202,2017-12-29,2025-10-03
PGR,1951,0.007175807278318811,2017-12-29,2025-10-03
PH,1951,0.06970784213223988,2017-12-29,2025-10-03
PHM,1951,0.097385955920041,2017-12-29,2025-10-03
PKG,1951,0.07022039979497693,2017-12-29,2025-10-03
PLD,1951,0.1194259354177345,2017-12-29,2025-10-03
PLTR,757,0.09907529722589167,2022-09-28,2025-10-03
PM,1951,0.0814966683751922,2017-12-29,2025-10-03
PNC,1951,0.09226037929267042,2017-12-29,2025-10-03
PNR,1951,0.09072270630445925,2017-12-29,2025-10-03
PNW,1951,0.055356227575602254,2017-12-29,2025-10-03
PODD,1951,0.1824705279343926,2017-12-29,2025-10-03
POOL,1951,0.10558687852383393,2017-12-29,2025-10-03
POW.TO,1946,0.0328879753340185,2018-01-03,2025-10-02
PPG,1951,0.07739620707329574,2017-12-29,2025-10-03
PPL,1951,0.03844182470527934,2017-12-29,2025-10-03
PPL.TO,1946,0.040596094552929084,2018-01-03,2025-10-02
PRU,1951,0.10302409021014865,2017-12-29,2025-10-03
PSA,1951,0.04561763198359815,2017-12-29,2025-10-03
PSKY,1332,0.34684684684684686,2020-06-17,2025-10-03
PSX,1951,0.17221937467965145,2017-12-29,2025-10-03
PTC,1951,0.09687339825730394,2017-12-29,2025-10-03
PWR,1951,0.07842132239876987,2017-12-29,2025-10-03
PYPL,1951,0.20348539210661198,2017-12-29,2025-10-03
QCOM,1951,0.17888262429523322,2017-12-29,2025-10-03
QSR.TO,1946,0.03545734840698869,2018-01-03,2025-10-02
RCL,1951,0.230138390568939,2017-12-29,2025-10-03
REG,1951,0.040492055356227574,2017-12-29,2025-10-03
REGN,1951,0.10661199384930804,2017-12-29,2025-10-03
RF,1951,0.14095335725269093,2017-12-29,2025-10-03
RJF,1951,0.09943618657098924,2017-12-29,2025-10-03
RL,1951,0.13582778062532036,2017-12-29,2025-10-03
RMD,1951,0.08764736032803691,2017-12-29,2025-10-03
ROK,1951,0.11430035879036392,2017-12-29,2025-10-03
ROL,1951,0.01486417221937468,2017-12-29,2025-10-03
ROP,1951,0.036391594054331115,2017-12-29,2025-10-03
ROST,1951,0.09277293695540749,2017-12-29,2025-10-03
RSG,1951,0.027678113787801127,2017-12-29,2025-10-03
RTX,1951,0.06663249615581752,2017-12-29,2025-10-03
RVTY,1951,0.11891337775499744,2017-12-29,2025-10-03
RY.TO,1946,0.030318602261048305,2018-01-03,2025-10-02
SAP.TO,1946,0.04984583761562179,2018-01-03,2025-10-02
SATS,1332,0.27852852852852855,2020-06-17,2025-10-03
SBAC,1951,0.05996924654023578,2017-12-29,2025-10-03
SBUX,1951,0.09687339825730394,2017-12-29,2025-10-03
SCHW,1951,0.1194259354177345,2017-12-29,2025-10-03
SHOP.TO,1946,0.23072970195272355,2018-01-03,2025-10-02
SHW,1951,0.06919528446950282,2017-12-29,2025-10-03
SJM,1951,0.02255253716043055,2017-12-29,2025-10-03
SLB,1951,0.20143516145566376,2017-12-29,2025-10-03
SLF.TO,1946,0.03134635149023638,2018-01-03,2025-10-02
SMCI,1951,0.2895950794464377,2017-12-29,2025-10-03
SNA,1951,0.04818042029728344,2017-12-29,2025-10-03
SNPS,1951,0.11737570476678626,2017-12-29,2025-10-03
SO,1951,0.04664274730907227,2017-12-29,2025-10-03
SPG,1951,0.08354689902614044,2017-12-29,2025-10-03
SPGI,1951,0.06919528446950282,2017-12-29,2025-10-03
SRE,1951,0.05945668887749872,2017-12-29,2025-10-03
STE,1951,0.06201947719118401,2017-12-29,2025-10-03
STLD,1951,0.14402870322911326,2017-12-29,2025-10-03
STT,1951,0.13582778062532036,2017-12-29,2025-10-03
STX,1951,0.15786776012301384,2017-12-29,2025-10-03
STZ,1951,0.11019989748846745,2017-12-29,2025-10-03
SU.TO,1946,0.1130524152106886,2018-01-03,2025-10-02
SW,1951,0.20297283444387493,2017-12-29,2025-10-03
SWK,1951,0.19938493080471553,2017-12-29,2025-10-03
SWKS,1951,0.21373654536135314,2017-12-29,2025-10-03
SYF,1951,0.16658124038954383,2017-12-29,2025-10-03
SYK,1951,0.04971809328549462,2017-12-29,2025-10-03
SYY,1951,0.03485392106611994,2017-12-29,2025-10-03
T,1332,0.03303303303303303,2020-06-17,2025-10-03
T.TO,1946,0.01695786228160329,2018-01-03,2025-10-02
TAP,1951,0.08764736032803691,2017-12-29,2025-10-03
TD.TO,1946,0.030832476875642344,2018-01-03,2025-10-02
TDG,1951,0.04920553562275756,2017-12-29,2025-10-03
TDY,1951,0.053818554587391085,2017-12-29,2025-10-03
TECH,1951,0.17375704766786262,2017-12-29,2025-10-03
TEL,1951,0.058944131214761664,2017-12-29,2025-10-03
TER,1951,0.2434648898001025,2017-12-29,2025-10-03
TFC,1951,0.1168631471040492,2017-12-29,2025-10-03
TGT,1951,0.15017939518195797,2017-12-29,2025-10-03
TJX,1951,0.06099436186570989,2017-12-29,2025-10-03
TKO,1332,0.06306306306306306,2020-06-17,2025-10-03
TMO,1951,0.06201947719118401,2017-12-29,2025-10-03
TMUS,1332,0.012012012012012012,2020-06-17,2025-10-03
TOU.TO,1946,0.1397738951695786,2018-01-03,2025-10-02
TPL,1951,0.2675550999487442,2017-12-29,2025-10-03
TPR,1951,0.19528446950281908,2017-12-29,2025-10-03
TRGP,1951,0.14607893388006152,2017-12-29,2025-10-03
TRI.TO,1946,0.046248715313463515,2018-01-03,2025-10-02
TRMB,1951,0.15479241414659148,2017-12-29,2025-10-03
TROW,1951,0.13172731932342388,2017-12-29,2025-10-03
TRP.TO,1946,0.03699897225077081,2018-01-03,2025-10-02
TRV,1951,0.03177857508969759,2017-12-29,2025-10-03
TSCO,1951,0.06099436186570989,2017-12-29,2025-10-03
TSLA,1951,0.3751922091235264,2017-12-29,2025-10-03
TSN,1951,0.07124551512045105,2017-12-29,2025-10-03
TT,1951,0.06048180420297283,2017-12-29,2025-10-03
TTD,1332,0.38213213213213215,2020-06-17,2025-10-03
TTWO,1332,0.11261261261261261,2020-06-17,2025-10-03
TXN,1951,0.056381342901076374,2017-12-29,2025-10-03
TXT,1951,0.08969759097898514,2017-12-29,2025-10-03
TYL,1951,0.10507432086109687,2017-12-29,2025-10-03
UAL,1951,0.2352639671963096,2017-12-29,2025-10-03
UBER,1108,0.2075812274368231,2021-05-07,2025-10-03
UDR,1951,0.058944131214761664,2017-12-29,2025-10-03
UHS,1951,0.09841107124551512,2017-12-29,2025-10-03
ULTA,1951,0.1522296258329062,2017-12-29,2025-10-03
UNH,1951,0.09277293695540749,2017-12-29,2025-10-03
UNP,1951,0.0486929779600205,2017-12-29,2025-10-03
UPS,1951,0.09174782162993336,2017-12-29,2025-10-03
URI,1951,0.16555612506406972,2017-12-29,2025-10-03
USB,1951,0.09328549461814455,2017-12-29,2025-10-03
V,1951,0.0292157867760123,2017-12-29,2025-10-03
VICI,1448,0.03522099447513812,2019-12-31,2025-10-03
VLO,1951,0.1963095848282932,2017-12-29,2025-10-03
VMC,1951,0.07278318810866223,2017-12-29,2025-10-03
VRSK,1951,0.07637109174782163,2017-12-29,2025-10-03
VRSN,1951,0.05740645822655049,2017-12-29,2025-10-03
VRT,1301,0.2697924673328209,2020-07-31,2025-10-03
VRTX,1951,0.0451050743208611,2017-12-29,2025-10-03
VST,1760,0.13125,2018-10-03,2025-10-03
VTR,1951,0.09431060994361866,2017-12-29,2025-10-03
VTRS,1951,0.2203997949769349,2017-12-29,2025-10-03
VZ,1332,0.02177177177177177,2020-06-17,2025-10-03
WAB,1951,0.08764736032803691,2017-12-29,2025-10-03
WAT,1951,0.07688364941055868,2017-12-29,2025-10-03
WBD,1332,0.34684684684684686,2020-06-17,2025-10-03
WCN.TO,1946,0.019527235354573486,2018-01-03,2025-10-02
WDAY,1951,0.1435161455663762,2017-12-29,2025-10-03
WDC,1951,0.3141978472578165,2017-12-29,2025-10-03
WEC,1951,0.04664274730907227,2017-12-29,2025-10-03
WELL,1951,0.07124551512045105,2017-12-29,2025-10-03
WFC,1951,0.1035366478728857,2017-12-29,2025-10-03
WM,1951,0.02716555612506407,2017-12-29,2025-10-03
WMB,1951,0.06509482316760636,2017-12-29,2025-10-03
WMT,1951,0.021527421834956432,2017-12-29,2025-10-03
WN.TO,1946,0.006680369989722507,2018-01-03,2025-10-02
WPM.TO,1946,0.09712230215827339,2018-01-03,2025-10-02
WRB,1951,0.03177857508969759,2017-12-29,2025-10-03
WSM,1951,0.15581752947206562,2017-12-29,2025-10-03
WSP.TO,1946,0.03751284686536485,2018-01-03,2025-10-02
WST,1951,0.1194259354177345,2017-12-29,2025-10-03
WTW,1951,0.050230650948231675,2017-12-29,2025-10-03
WY,1951,0.09789851358277807,2017-12-29,2025-10-03
WYNN,1951,0.27268067657611483,2017-12-29,2025-10-03
XEL,1951,0.05689390056381343,2017-12-29,2025-10-03
XOM,1951,0.06817016914402871,2017-12-29,2025-10-03
XYL,1951,0.08508457201435161,2017-12-29,2025-10-03
XYZ,1951,0.35058944131214764,2017-12-29,2025-10-03
YUM,1951,0.03177857508969759,2017-12-29,2025-10-03
ZBH,1951,0.07227063044592516,2017-12-29,2025-10-03
ZBRA,1951,0.22962583290620195,2017-12-29,2025-10-03
ZTS,1951,0.08457201435161456,2017-12-29,2025-10-03
